{
  "thresholds": [
    80,
    75,
    70
  ],
  "results": {
    "confidence-factor": {
      "80": 5.17058035460145,
      "75": 6.484535365165637,
      "70": 7.375799517008552
    },
    "confidence-threshold": {
      "80": 5.625042686151871,
      "75": 6.416725490342204,
      "70": 7.201046336485695
    },
    "confidence-topk": {
      "80": 2.0,
      "75": 2.0,
      "70": 2.0
    },
    "entropy-topk": {
      "80": 1.0,
      "75": 2.0,
      "70": 2.0
    },
    "klass": {
      "80": 3.682984245123222,
      "75": 3.682984245123222,
      "70": 3.682984245123222
    },
    "l2r": {
      "80": 1.0,
      "75": 1.0,
      "70": 1.0
    },
    "random": {
      "80": 0.0,
      "75": 2.0,
      "70": 4.0
    },
    "topk-margin": {
      "80": 2.0,
      "75": 2.0,
      "70": 2.0
    }
  }
}