{
  "thresholds": [
    80,
    75,
    70
  ],
  "results": {
    "confidence-factor": {
      "80": 0.0,
      "75": 4.822470900989743,
      "70": 5.757139832627481
    },
    "confidence-threshold": {
      "80": 4.016967784032702,
      "75": 4.742085424320086,
      "70": 5.290323023876819
    },
    "confidence-topk": {
      "80": 1.0,
      "75": 1.0,
      "70": 2.0
    },
    "entropy-topk": {
      "80": 1.0,
      "75": 1.0,
      "70": 1.0
    },
    "l2r": {
      "80": 0.0,
      "75": 1.0,
      "70": 1.0
    },
    "random": {
      "80": 0.0,
      "75": 0.0,
      "70": 1.0
    },
    "topk-margin": {
      "80": 1.0,
      "75": 1.0,
      "70": 2.0
    }
  }
}