{
  "thresholds": [
    80,
    75,
    70
  ],
  "results": {
    "confidence-factor": {
      "80": 4.051935080503439,
      "75": 4.96984916875082,
      "70": 5.655183128746252
    },
    "confidence-threshold": {
      "80": 4.08744227760899,
      "75": 4.823999832065368,
      "70": 5.417603370014814
    },
    "confidence-topk": {
      "80": 1.0,
      "75": 1.0,
      "70": 2.0
    },
    "dus": {
      "80": 0.0,
      "75": 1.0825688073394497,
      "70": 1.342507645259939
    },
    "entropy-topk": {
      "80": 1.0,
      "75": 1.0,
      "70": 1.0
    },
    "klass": {
      "80": 3.250293135346052,
      "75": 3.250293135346052,
      "70": 3.250293135346052
    },
    "l2r": {
      "80": 0.0,
      "75": 1.0,
      "70": 1.0
    },
    "random": {
      "80": 0.0,
      "75": 0.0,
      "70": 1.0
    },
    "slowfast": {
      "80": 4.239785993616627,
      "75": 4.537322053519874,
      "70": 4.796679540932352
    },
    "topk-margin": {
      "80": 1.0,
      "75": 1.0,
      "70": 2.0
    },
    "wino": {
      "80": 5.916280963167223,
      "75": 6.398075650809962,
      "70": 6.93025030599037
    }
  }
}